station,distribution,log_likelihood,aic,bic,location,scale,shape
Boziliao,Gumbel,1.6887531705596854,0.6224936588806291,2.613958205988611,2.128917965264189,0.203550904334416,
Boziliao,GEV,3.3556140570014916,-0.7112281140029832,2.2759687066589898,2.164041752422124,0.20918796079537738,0.3256734076266258
Mailiao,Gumbel,-4.280876986983739,12.561753973967479,14.45063193230036,2.5350717200207784,0.2243241125296957,
Mailiao,GEV,-0.2930551425708865,6.586110285141773,9.419427222641094,2.4884357619291233,0.16164807698123695,-0.4544510331376719
