station,distribution,aic,bic,n
Boziliao,Gumbel,0.6224936588806291,2.613958205988611,20
Boziliao,GEV,-0.7112281140029832,2.2759687066589898,20
Mailiao,Gumbel,12.561753973967479,14.45063193230036,19
Mailiao,GEV,6.586110285141773,9.419427222641094,19
