station,period,distribution,n_years,return_level_50yr,return_level_100yr
Boziliao,last_10_years,Gumbel,10,2.707716385839803,2.7930644291586675
Boziliao,last_10_years,GEV,10,2.7296322947936,2.825689948917229
Boziliao,last_15_years,Gumbel,15,2.7456810180232143,2.8431378446520386
Boziliao,last_15_years,GEV,15,2.6226182777527645,2.6714586491156624
Mailiao,last_10_years,Gumbel,10,3.3269058155828826,3.457272596774418
Mailiao,last_10_years,GEV,10,4.490917275018456,5.790659957419853
Mailiao,last_15_years,Gumbel,15,3.252582785695547,3.3779268199527728
Mailiao,last_15_years,GEV,15,3.5417865235128465,3.8480470856926057
