station,n_years,linear_slope_m_per_year,linear_slope_mm_per_year,linear_p_value,r_squared,mk_statistic_s,mk_p_value,sen_slope_m_per_year,sen_slope_mm_per_year,conclusion
Boziliao,20,0.019676660401002504,19.676660401002504,1.9812239512350824e-07,0.7855463188089455,142.0,4.770302451273523e-06,0.023320833333333325,23.320833333333326,significant increasing
Mailiao,20,0.00423308555479608,4.23308555479608,0.04499172815020245,0.2050179754452665,66.0,0.034955072643630514,0.0035254629629629664,3.5254629629629664,significant increasing
