station_name,n_years,linear_slope_m_per_year,linear_slope_mm_per_year,linear_p_value,r_squared,mk_statistic_s,mk_p_value,sen_slope_m_per_year,sen_slope_mm_per_year,conclusion
萡子寮潮位站,20,0.021108270676691736,21.108270676691735,1.5923049497506242e-09,0.8738637745446065,154.0,6.906466434308811e-07,0.02307142857142857,23.07142857142857,significant increasing
麥寮潮位站,20,0.005095488721804511,5.095488721804511,0.0087045145576184,0.32480802016327975,97.0,0.0018314090798501326,0.005100000000000002,5.100000000000002,significant increasing
